1,Chapora Fort,1,5
2,Chapora Fort,2,5
3,Chapora Fort,3,3
4,Chapora Fort,4,5
5,Chapora Fort,5,4
6,Bhagwan Mahaveer Sanctuary and Mollem National Park,6,3
12,Cabo de Rama Beach,2,4
13,Cabo de Rama Beach,3,5
14,Cabo de Rama Beach,4,5
15,Cabo de Rama Beach,5,5
16,Cabo de Rama Beach,6,5
17,Church of St. Francis of Assisi,7,5
18,Church of St. Francis of Assisi,8,4
19,Church of St. Francis of Assisi,9,4
20,Church of St. Francis of Assisi,10,5
21,Church of St. Francis of Assisi,1,5
27,Our Lady of the Immaculate Conception Church,7,5
28,Our Lady of the Immaculate Conception Church,8,5
29,Our Lady of the Immaculate Conception Church,9,4
30,Our Lady of the Immaculate Conception Church,10,5
31,Our Lady of the Immaculate Conception Church,1,3
32,Aguada Fort,2,4
33,Aguada Fort,3,5
34,Aguada Fort,4,5
35,Aguada Fort,5,4
36,Aguada Fort,6,5
47,Se Cathedral,7,5
48,Se Cathedral,8,4
49,Se Cathedral,9,5
50,Se Cathedral,10,4
51,Se Cathedral,1,4
52,Morjim Beach,2,5
53,Morjim Beach,3,4
54,Morjim Beach,4,4
55,Morjim Beach,5,5
56,Morjim Beach,6,4
57,Benaulim Beach,7,5
58,Benaulim Beach,8,5
59,Benaulim Beach,9,5
60,Benaulim Beach,10,5
61,Benaulim Beach,1,5
62,Majorda Beach,2,5
63,Majorda Beach,3,5
64,Majorda Beach,4,4
65,Majorda Beach,5,5
66,Majorda Beach,6,5
67,Mandovi River,7,5
68,Mandovi River,8,5
69,Mandovi River,9,5
70,Mandovi River,10,3
71,Mandovi River,1,5
77,Mystic Woods by The Butterfly Conservatory of Goa,7,5
78,Mystic Woods by The Butterfly Conservatory of Goa,8,4
79,Mystic Woods by The Butterfly Conservatory of Goa,9,5
80,Mystic Woods by The Butterfly Conservatory of Goa,10,4
81,Mystic Woods by The Butterfly Conservatory of Goa,1,2
82,St. Thomas Chapel,2,5
83,St. Thomas Chapel,3,4
84,St. Thomas Chapel,4,4
85,St. Thomas Chapel,5,3
86,St. Thomas Chapel,6,5
92,Mhadei Wildlife Sanctuary,2,5
93,Mhadei Wildlife Sanctuary,3,5
94,Mhadei Wildlife Sanctuary,4,5
95,Mhadei Wildlife Sanctuary,5,4
96,Mhadei Wildlife Sanctuary,6,4
97,Basilica of Bom Jesus,7,5
98,Basilica of Bom Jesus,8,4
99,Basilica of Bom Jesus,9,4
100,Basilica of Bom Jesus,10,5
101,Basilica of Bom Jesus,1,5
102,Church of St. Francis of Assisi,2,4
103,Church of St. Francis of Assisi,3,5
104,Church of St. Francis of Assisi,4,1
105,Church of St. Francis of Assisi,5,4
106,Church of St. Francis of Assisi,6,5
107,Calangute Beach,7,4
108,Calangute Beach,8,5
109,Calangute Beach,9,5
110,Calangute Beach,10,5
111,Calangute Beach,1,4
112,Anjuna Beach,2,5
113,Anjuna Beach,3,5
114,Anjuna Beach,4,4
115,Anjuna Beach,5,4
116,Anjuna Beach,6,3
117,Sinquerim Beach,7,5
118,Sinquerim Beach,8,5
119,Sinquerim Beach,9,4
120,Sinquerim Beach,10,5
121,Sinquerim Beach,1,5
127,Church of St. Cajetan,7,5
128,Church of St. Cajetan,8,5
129,Church of St. Cajetan,9,5
130,Church of St. Cajetan,10,4
131,Church of St. Cajetan,1,5
132,Dudhsagar Falls,2,5
133,Dudhsagar Falls,3,4
134,Dudhsagar Falls,4,4
135,Dudhsagar Falls,5,5
136,Dudhsagar Falls,6,5
142,Vagator Beach,2,4
143,Vagator Beach,3,4
144,Vagator Beach,4,2
145,Vagator Beach,5,4
146,Vagator Beach,6,5
147,Arambol Beach,7,5
148,Arambol Beach,8,5
149,Arambol Beach,9,5
150,Arambol Beach,10,5
151,Arambol Beach,1,5
152,Palolem Beach,2,5
153,Palolem Beach,3,5
154,Palolem Beach,4,5
155,Palolem Beach,5,5
156,Palolem Beach,6,5
157,Bambolim Beach,7,4
158,Bambolim Beach,8,3
159,Bambolim Beach,9,5
160,Bambolim Beach,10,3
161,Bambolim Beach,1,4
162,Harvalem Waterfall,2,3
163,Harvalem Waterfall,3,2
164,Harvalem Waterfall,4,3
165,Harvalem Waterfall,5,4
166,Harvalem Waterfall,6,3
172,Morjim Beach,2,4
173,Morjim Beach,3,5
174,Morjim Beach,4,5
175,Morjim Beach,5,5
176,Morjim Beach,6,5
177,Cabo de Rama Fort,7,5
178,Cabo de Rama Fort,8,5
179,Cabo de Rama Fort,9,4
180,Cabo de Rama Fort,10,4
181,Cabo de Rama Fort,1,5
182,Morjim Beach,2,5
183,Morjim Beach,3,4
184,Morjim Beach,4,4
185,Morjim Beach,5,5
186,Morjim Beach,6,4
187,Baga Beach,7,5
188,Baga Beach,8,4
189,Baga Beach,9,5
190,Baga Beach,10,4
191,Baga Beach,1,5
193,Colva Beach,11,0
194,Chapora Fort,11,0
195,Bhagwan Mahaveer Sanctuary and Mollem National Park,11,2
197,Cabo de Rama Beach,11,4
198,Church of St. Francis of Assisi,11,5
199,Butterfly Beach,11,2
200,Dona Paula,11,4
201,Our Lady of the Immaculate Conception Church,11,3
202,Aguada Fort,11,4
205,Se Cathedral,11,3
206,Morjim Beach,11,0
207,Benaulim Beach,11,0
208,Majorda Beach,11,0
209,Mandovi River,11,2
211,Mystic Woods by The Butterfly Conservatory of Goa,11,2
212,St. Thomas Chapel,11,2
214,Mhadei Wildlife Sanctuary,11,2
215,Basilica of Bom Jesus,11,5
216,Church of St. Francis of Assisi,11,5
217,Calangute Beach,11,3
219,Anjuna Beach,11,1
220,Sinquerim Beach,11,3
221,Vasco da Gama,11,5
222,Church of St. Cajetan,11,2
223,Dudhsagar Falls,11,2
225,Vagator Beach,11,2
235,Baga Beach,11,3
237,Colva Beach,12,4
238,Chapora Fort,12,2
239,Bhagwan Mahaveer Sanctuary and Mollem National Park,12,5
241,Cabo de Rama Beach,12,2
242,Church of St. Francis of Assisi,12,3
243,Butterfly Beach,12,3
244,Dona Paula,12,4
245,Our Lady of the Immaculate Conception Church,12,3
246,Aguada Fort,12,4
249,Se Cathedral,12,3
250,Morjim Beach,12,3
251,Benaulim Beach,12,3
252,Majorda Beach,12,3
253,Mandovi River,12,3
255,Mystic Woods by The Butterfly Conservatory of Goa,12,3
256,St. Thomas Chapel,12,3
258,Mhadei Wildlife Sanctuary,12,5
259,Basilica of Bom Jesus,12,3
260,Church of St. Francis of Assisi,12,3
261,Calangute Beach,12,5
263,Anjuna Beach,12,4
264,Sinquerim Beach,12,3
265,Vasco da Gama,12,4
266,Church of St. Cajetan,12,3
267,Dudhsagar Falls,12,4
269,Vagator Beach,12,3
270,Arambol Beach,12,4
271,Palolem Beach,12,3
272,Candolim Beach Rd,12,3
273,Bambolim Beach,12,3
274,Harvalem Waterfall,12,3
276,Morjim Beach,12,3
277,Cabo de Rama Fort,12,4
278,Morjim Beach,12,5
279,Baga Beach,12,5
281,Colva Beach,13,5
282,Chapora Fort,13,4
283,Bhagwan Mahaveer Sanctuary and Mollem National Park,13,1
285,Cabo de Rama Beach,13,5
286,Church of St. Francis of Assisi,13,2
287,Butterfly Beach,13,4
288,Dona Paula,13,4
289,Our Lady of the Immaculate Conception Church,13,3
290,Aguada Fort,13,5
293,Se Cathedral,13,1
294,Morjim Beach,13,4
295,Benaulim Beach,13,5
296,Majorda Beach,13,4
297,Mandovi River,13,1
299,Mystic Woods by The Butterfly Conservatory of Goa,13,1
300,St. Thomas Chapel,13,4
302,Mhadei Wildlife Sanctuary,13,1
303,Basilica of Bom Jesus,13,3
304,Church of St. Francis of Assisi,13,4
305,Calangute Beach,13,4
307,Anjuna Beach,13,3
308,Sinquerim Beach,13,3
309,Vasco da Gama,13,5
310,Church of St. Cajetan,13,1
311,Dudhsagar Falls,13,1
313,Vagator Beach,13,4
314,Arambol Beach,13,1
315,Palolem Beach,13,1
316,Candolim Beach Rd,13,4
317,Bambolim Beach,13,5
318,Harvalem Waterfall,13,1
320,Morjim Beach,13,4
321,Cabo de Rama Fort,13,5
322,Morjim Beach,13,4
323,Baga Beach,13,5
325,Colva Beach,14,4
326,Chapora Fort,14,0
327,Bhagwan Mahaveer Sanctuary and Mollem National Park,14,0
329,Cabo de Rama Beach,14,3
330,Church of St. Francis of Assisi,14,5
331,Butterfly Beach,14,3
332,Dona Paula,14,5
333,Our Lady of the Immaculate Conception Church,14,5
334,Aguada Fort,14,5
337,Se Cathedral,14,5
338,Morjim Beach,14,2
339,Benaulim Beach,14,1
340,Majorda Beach,14,3
346,Mhadei Wildlife Sanctuary,14,2
347,Basilica of Bom Jesus,14,0
348,Church of St. Francis of Assisi,14,5
349,Calangute Beach,14,5
351,Anjuna Beach,14,3
352,Sinquerim Beach,14,3
353,Vasco da Gama,14,5
354,Church of St. Cajetan,14,3
357,Vagator Beach,14,4
358,Arambol Beach,14,5
359,Palolem Beach,14,4
360,Candolim Beach Rd,14,4
364,Morjim Beach,14,4
365,Cabo de Rama Fort,14,4
366,Morjim Beach,14,3
367,Baga Beach,14,5
369,Colva Beach,15,5
370,Chapora Fort,15,4
371,Bhagwan Mahaveer Sanctuary and Mollem National Park,15,5
373,Cabo de Rama Beach,15,3
374,Church of St. Francis of Assisi,15,4
375,Butterfly Beach,15,4
376,Dona Paula,15,2
377,Our Lady of the Immaculate Conception Church,15,3
378,Aguada Fort,15,5
381,Se Cathedral,15,4
382,Morjim Beach,15,5
383,Benaulim Beach,15,4
384,Majorda Beach,15,4
385,Mandovi River,15,4
387,Mystic Woods by The Butterfly Conservatory of Goa,15,3
388,St. Thomas Chapel,15,3
390,Mhadei Wildlife Sanctuary,15,5
391,Basilica of Bom Jesus,15,4
392,Church of St. Francis of Assisi,15,4
393,Calangute Beach,15,5
395,Anjuna Beach,15,4
396,Sinquerim Beach,15,3
397,Vasco da Gama,15,5
398,Church of St. Cajetan,15,5
399,Dudhsagar Falls,15,5
401,Vagator Beach,15,2
402,Arambol Beach,15,1
403,Palolem Beach,15,4
404,Candolim Beach Rd,15,1
405,Bambolim Beach,15,3
406,Harvalem Waterfall,15,5
408,Morjim Beach,15,5
409,Cabo de Rama Fort,15,2
410,Morjim Beach,15,5
411,Baga Beach,15,5
413,Colva Beach,16,4
414,Chapora Fort,16,4
415,Bhagwan Mahaveer Sanctuary and Mollem National Park,16,0
417,Cabo de Rama Beach,16,0
418,Church of St. Francis of Assisi,16,4
419,Butterfly Beach,16,0
420,Dona Paula,16,4
421,Our Lady of the Immaculate Conception Church,16,4
422,Aguada Fort,16,4
425,Se Cathedral,16,4
426,Morjim Beach,16,4
427,Benaulim Beach,16,4
435,Basilica of Bom Jesus,16,2
436,Church of St. Francis of Assisi,16,3
437,Calangute Beach,16,4
439,Anjuna Beach,16,4
440,Sinquerim Beach,16,4
442,Church of St. Cajetan,16,4
443,Church of St. Francis of Assisi,16,4
444,Butterfly Beach,16,0
445,Dona Paula,16,5
448,St. Thomas Chapel,16,0
451,Basilica of Bom Jesus,16,5
452,Church of St. Francis of Assisi,16,2
453,Calangute Beach,16,5
455,Anjuna Beach,16,3
458,Church of St. Cajetan,16,3
459,Dudhsagar Falls,16,4
462,Arambol Beach,16,4
463,Palolem Beach,16,0
464,Candolim Beach Rd,16,0
465,Bambolim Beach,16,0
466,Harvalem Waterfall,16,0
468,Morjim Beach,16,0
469,Cabo de Rama Fort,16,4
470,Morjim Beach,16,2
471,Baga Beach,16,3
473,Colva Beach,17,2
474,Chapora Fort,17,0
475,Bhagwan Mahaveer Sanctuary and Mollem National Park,17,1
477,Cabo de Rama Beach,17,3
478,Church of St. Francis of Assisi,17,4
479,Butterfly Beach,17,4
480,Dona Paula,17,3
481,Our Lady of the Immaculate Conception Church,17,3
482,Aguada Fort,17,2
485,Se Cathedral,17,0
486,Morjim Beach,17,1
487,Benaulim Beach,17,2
488,Majorda Beach,17,0
489,Mandovi River,17,3
491,Mystic Woods by The Butterfly Conservatory of Goa,17,0
492,St. Thomas Chapel,17,0
494,Mhadei Wildlife Sanctuary,17,5
495,Basilica of Bom Jesus,17,5
496,Church of St. Francis of Assisi,17,3
497,Calangute Beach,17,5
499,Anjuna Beach,17,0
500,Sinquerim Beach,17,2
501,Vasco da Gama,17,4
502,Church of St. Cajetan,17,0
503,Dudhsagar Falls,17,1
505,Vagator Beach,17,0
506,Arambol Beach,17,2
507,Palolem Beach,17,2
508,Candolim Beach Rd,17,1
509,Harvalem Waterfall,17,0
511,Cabo de Rama Fort,17,5
512,Morjim Beach,17,0
513,Baga Beach,17,4
514,Cabo de Rama Fort,18,5
515,Morjim Beach,18,0
516,Baga Beach,18,0
518,Colva Beach,19,4
519,Chapora Fort,19,4
520,Bhagwan Mahaveer Sanctuary and Mollem National Park,19,5
522,Cabo de Rama Beach,19,4
523,Church of St. Francis of Assisi,19,3
524,Butterfly Beach,19,4
525,Dona Paula,19,3
526,Our Lady of the Immaculate Conception Church,19,2
527,Aguada Fort,19,4
528,Morjim Beach,19,3
529,Benaulim Beach,19,3
530,Majorda Beach,19,4
531,Mandovi River,19,5
533,Mystic Woods by The Butterfly Conservatory of Goa,19,5
534,St. Thomas Chapel,19,0
536,Mhadei Wildlife Sanctuary,19,5
537,Basilica of Bom Jesus,19,5
538,Church of St. Francis of Assisi,19,2
539,Calangute Beach,19,3
541,Anjuna Beach,19,0
542,Sinquerim Beach,19,3
543,Vasco da Gama,19,3
544,Church of St. Cajetan,19,4
545,Dudhsagar Falls,19,0
547,Vagator Beach,19,0
548,Arambol Beach,19,5
549,Bambolim Beach,19,2
550,Harvalem Waterfall,19,5
552,Morjim Beach,19,0
553,Cabo de Rama Fort,19,5
554,Baga Beach,19,5
556,Colva Beach,20,0
557,Chapora Fort,20,1
558,Bhagwan Mahaveer Sanctuary and Mollem National Park,20,2
560,Cabo de Rama Beach,20,2
561,Church of St. Francis of Assisi,20,0
562,Butterfly Beach,20,0
563,Dona Paula,20,4
564,Our Lady of the Immaculate Conception Church,20,5
565,Aguada Fort,20,4
566,Benaulim Beach,20,5
567,Majorda Beach,20,0
568,Mandovi River,20,4
570,Mhadei Wildlife Sanctuary,20,0
571,Basilica of Bom Jesus,20,5
572,Church of St. Francis of Assisi,20,3
573,Calangute Beach,20,5
574,Vasco da Gama,20,5
575,Church of St. Cajetan,20,0
576,Dudhsagar Falls,20,4
578,Arambol Beach,20,5
579,Palolem Beach,20,5
580,Harvalem Waterfall,20,4
581,Cabo de Rama Fort,20,5
582,Morjim Beach,20,0
583,Baga Beach,20,5
585,Church of St. Francis of Assisi,25,4
586,Butterfly Beach,25,4
587,Dona Paula,25,3
588,Our Lady of the Immaculate Conception Church,25,2
589,Aguada Fort,25,3
590,Morjim Beach,25,0
591,Benaulim Beach,25,4
593,Mhadei Wildlife Sanctuary,25,4
594,Basilica of Bom Jesus,25,4
595,Church of St. Francis of Assisi,25,3
596,Calangute Beach,25,4
597,Vagator Beach,25,4
598,Arambol Beach,25,4
599,Palolem Beach,25,4
600,Cabo de Rama Fort,25,5
601,Morjim Beach,25,3
602,Baga Beach,25,4
604,Colva Beach,20,1
605,Chapora Fort,20,3
606,Bhagwan Mahaveer Sanctuary and Mollem National Park,20,3
608,Cabo de Rama Beach,20,0
609,Church of St. Francis of Assisi,20,3
610,Butterfly Beach,20,4
611,Dona Paula,20,3
612,Our Lady of the Immaculate Conception Church,20,3
613,Aguada Fort,20,4
616,Se Cathedral,20,5
617,Morjim Beach,20,3
618,Benaulim Beach,20,4
619,Majorda Beach,20,3
620,Mandovi River,20,3
622,Mystic Woods by The Butterfly Conservatory of Goa,20,3
623,St. Thomas Chapel,20,3
625,Mhadei Wildlife Sanctuary,20,3
626,Basilica of Bom Jesus,20,5
627,Church of St. Francis of Assisi,20,3
628,Calangute Beach,20,3
630,Anjuna Beach,20,3
631,Sinquerim Beach,20,3
632,Vasco da Gama,20,2
633,Church of St. Cajetan,20,2
634,Dudhsagar Falls,20,3
636,Vagator Beach,20,3
637,Arambol Beach,20,5
638,Palolem Beach,20,3
639,Candolim Beach Rd,20,4
640,Bambolim Beach,20,2
641,Harvalem Waterfall,20,3
643,Morjim Beach,20,2
644,Cabo de Rama Fort,20,5
645,Morjim Beach,20,1
646,Baga Beach,20,2
648,Colva Beach,21,4
649,Chapora Fort,21,3
650,Bhagwan Mahaveer Sanctuary and Mollem National Park,21,2
652,Cabo de Rama Beach,21,3
653,Church of St. Francis of Assisi,21,2
654,Butterfly Beach,21,3
655,Dona Paula,21,2
656,Our Lady of the Immaculate Conception Church,21,5
657,Aguada Fort,21,3
660,Se Cathedral,21,3
661,Morjim Beach,21,1
662,Benaulim Beach,21,2
663,Majorda Beach,21,4
664,Mandovi River,21,3
666,Mystic Woods by The Butterfly Conservatory of Goa,21,3
667,St. Thomas Chapel,21,2
669,Mhadei Wildlife Sanctuary,21,2
670,Basilica of Bom Jesus,21,2
671,Church of St. Francis of Assisi,21,2
672,Calangute Beach,21,1
674,Anjuna Beach,21,1
675,Sinquerim Beach,21,2
676,Vasco da Gama,21,3
677,Church of St. Cajetan,21,1
678,Dudhsagar Falls,21,2
680,Vagator Beach,21,3
681,Arambol Beach,21,3
682,Palolem Beach,21,2
683,Candolim Beach Rd,21,2
684,Bambolim Beach,21,1
685,Harvalem Waterfall,21,2
687,Morjim Beach,21,3
688,Cabo de Rama Fort,21,4
689,Morjim Beach,21,1
690,Baga Beach,21,1
692,Colva Beach,22,4
693,Chapora Fort,22,0
694,Bhagwan Mahaveer Sanctuary and Mollem National Park,22,1
696,Cabo de Rama Beach,22,3
697,Church of St. Francis of Assisi,22,2
698,Butterfly Beach,22,2
699,Dona Paula,22,1
700,Our Lady of the Immaculate Conception Church,22,3
701,Aguada Fort,22,4
704,Se Cathedral,22,4
705,Morjim Beach,22,1
706,Benaulim Beach,22,5
707,Majorda Beach,22,5
708,Mandovi River,22,3
710,Mystic Woods by The Butterfly Conservatory of Goa,22,2
711,St. Thomas Chapel,22,5
713,Mhadei Wildlife Sanctuary,22,5
714,Basilica of Bom Jesus,22,5
715,Calangute Beach,22,3
717,Anjuna Beach,22,4
718,Sinquerim Beach,22,2
719,Vasco da Gama,22,3
720,Church of St. Cajetan,22,3
721,Dudhsagar Falls,22,3
723,Vagator Beach,22,2
724,Arambol Beach,22,3
725,Palolem Beach,22,2
726,Candolim Beach Rd,22,3
727,Harvalem Waterfall,22,2
729,Cabo de Rama Fort,22,5
730,Morjim Beach,22,1
731,Baga Beach,22,1
733,Colva Beach,23,4
734,Chapora Fort,23,0
735,Bhagwan Mahaveer Sanctuary and Mollem National Park,23,1
737,Cabo de Rama Beach,23,3
738,Church of St. Francis of Assisi,23,2
739,Butterfly Beach,23,2
740,Dona Paula,23,1
741,Our Lady of the Immaculate Conception Church,23,3
742,Aguada Fort,23,4
745,Se Cathedral,23,4
746,Morjim Beach,23,1
747,Benaulim Beach,23,5
748,Majorda Beach,23,5
749,Mandovi River,23,3
751,Mystic Woods by The Butterfly Conservatory of Goa,23,2
752,St. Thomas Chapel,23,5
754,Mhadei Wildlife Sanctuary,23,5
755,Basilica of Bom Jesus,23,5
756,Calangute Beach,23,3
758,Anjuna Beach,23,4
759,Sinquerim Beach,23,2
760,Vasco da Gama,23,3
761,Church of St. Cajetan,23,3
762,Dudhsagar Falls,23,3
764,Vagator Beach,23,2
765,Arambol Beach,23,3
766,Palolem Beach,23,2
767,Candolim Beach Rd,23,3
768,Harvalem Waterfall,23,2
770,Cabo de Rama Fort,23,5
771,Morjim Beach,23,3
772,Baga Beach,23,5
192,Nehru Park,1,5
193,Nehru Park,2,4
194,Nehru Park,3,4
195,Nehru Park,4,5
196,Nehru Park,5,4
197,Akshardham,6,5
198,Akshardham,7,5
199,Akshardham,8,5
200,Akshardham,9,5
201,Akshardham,10,5
202,Amber Palace,11,5
203,Amber Palace,12,5
204,Amber Palace,13,5
205,Amber Palace,14,5
206,Amber Palace,15,5
207,Nahargarh Fort,16,5
208,Nahargarh Fort,17,4
209,Nahargarh Fort,18,5
210,Nahargarh Fort,19,5
211,Nahargarh Fort,20,3
212,Shree Rani Sati Dadi Mandir,1,5
213,Shree Rani Sati Dadi Mandir,2,5
214,Shree Rani Sati Dadi Mandir,3,5
215,Shree Rani Sati Dadi Mandir,4,5
216,Shree Rani Sati Dadi Mandir,5,5
217,Ratangad Fort,6,4
218,Ratangad Fort,7,5
219,Ratangad Fort,8,5
220,Ratangad Fort,9,5
221,Ratangad Fort,10,5
222,City Palace,11,5
223,City Palace,12,5
224,City Palace,13,4
225,City Palace,14,4
226,City Palace,15,5
227,Anand Sagar Jalashay,16,5
228,Anand Sagar Jalashay,17,5
229,Anand Sagar Jalashay,18,5
230,Anand Sagar Jalashay,19,4
231,Anand Sagar Jalashay,20,4
232,Mehrangarh Fort and Museum,1,5
233,Mehrangarh Fort and Museum,2,5
234,Mehrangarh Fort and Museum,3,5
235,Mehrangarh Fort and Museum,4,5
236,Mehrangarh Fort and Museum,5,5
237,"Shri Rang Ji Mandir, Vrindavan",6,5
238,"Shri Rang Ji Mandir, Vrindavan",7,5
239,"Shri Rang Ji Mandir, Vrindavan",8,4
240,"Shri Rang Ji Mandir, Vrindavan",9,4
241,"Shri Rang Ji Mandir, Vrindavan",10,5
242,Kyara Ke Balaji,11,5
243,Kyara Ke Balaji,12,4
244,Kyara Ke Balaji,13,5
245,Kyara Ke Balaji,14,4
246,Kyara Ke Balaji,15,5
247,Balark Temple,16,5
248,Balark Temple,17,5
249,Balark Temple,18,5
250,Balark Temple,19,5
251,Balark Temple,20,5
252,Brahmaji Temple,1,2
253,Brahmaji Temple,2,1
254,Brahmaji Temple,3,3
255,Brahmaji Temple,4,1
256,Brahmaji Temple,5,5
257,Anokhi Museum,6,4
258,Anokhi Museum,7,5
259,Anokhi Museum,8,5
260,Anokhi Museum,9,5
261,Anokhi Museum,10,5
262,Ranisar Lake,11,5
263,Ranisar Lake,12,4
264,Ranisar Lake,13,5
265,Ranisar Lake,14,5
266,Ranisar Lake,15,5
267,Panchdev Temple,16,5
268,Panchdev Temple,17,5
269,Panchdev Temple,18,3
270,Panchdev Temple,19,5
271,Panchdev Temple,20,5
272,Panchdev Mandir,1,5
273,Panchdev Mandir,2,4
274,Panchdev Mandir,3,5
275,Panchdev Mandir,4,5
276,Panchdev Mandir,5,5
277,Shri Digambar Jain Lal Mandir,6,5
278,Shri Digambar Jain Lal Mandir,7,5
279,Shri Digambar Jain Lal Mandir,8,5
280,Shri Digambar Jain Lal Mandir,9,4
281,Shri Digambar Jain Lal Mandir,10,3
282,Junagarh Palace And Museum Bikaner,11,5
283,Junagarh Palace And Museum Bikaner,12,5
284,Junagarh Palace And Museum Bikaner,13,5
285,Junagarh Palace And Museum Bikaner,14,5
286,Junagarh Palace And Museum Bikaner,15,5
287,Sri Jaisalmir Lodravpur Parshavnath Jain Shwetamber Trust,16,5
288,Sri Jaisalmir Lodravpur Parshavnath Jain Shwetamber Trust,17,5
289,Sri Jaisalmir Lodravpur Parshavnath Jain Shwetamber Trust,18,5
290,Sri Jaisalmir Lodravpur Parshavnath Jain Shwetamber Trust,19,4
291,Sri Jaisalmir Lodravpur Parshavnath Jain Shwetamber Trust,20,4
292,Gayatri Mata Temple (Pap-Mochani),1,4
293,Gayatri Mata Temple (Pap-Mochani),2,5
294,Gayatri Mata Temple (Pap-Mochani),3,5
295,Gayatri Mata Temple (Pap-Mochani),4,5
296,Gayatri Mata Temple (Pap-Mochani),5,4
297,Sri Sadul Museum,6,4
298,Sri Sadul Museum,7,4
299,Sri Sadul Museum,8,4
300,Sri Sadul Museum,9,3
301,Sri Sadul Museum,10,5
302,Man Sagar Lake,11,5
303,Man Sagar Lake,12,4
304,Man Sagar Lake,13,5
305,Man Sagar Lake,14,4
306,Man Sagar Lake,15,4
307,Jagdish Temple,16,3
308,Jagdish Temple,17,4
309,Jagdish Temple,18,4
310,Jagdish Temple,19,4
311,Jagdish Temple,20,5
312,Fateh Sagar Lake,1,5
313,Fateh Sagar Lake,2,4
314,Fateh Sagar Lake,3,4
315,Fateh Sagar Lake,4,5
316,Fateh Sagar Lake,5,5
317,Rampuria Havelis,6,5
318,Rampuria Havelis,7,4
319,Rampuria Havelis,8,5
320,Rampuria Havelis,9,5
321,Rampuria Havelis,10,5
322,"Shri Nakoda Parshwanath Temple, Nakoda",11,5
323,"Shri Nakoda Parshwanath Temple, Nakoda",12,4
324,"Shri Nakoda Parshwanath Temple, Nakoda",13,5
325,"Shri Nakoda Parshwanath Temple, Nakoda",14,5
326,"Shri Nakoda Parshwanath Temple, Nakoda",15,5
327,Shree Dwarkadhish Temple,16,5
328,Shree Dwarkadhish Temple,17,5
329,Shree Dwarkadhish Temple,18,5
330,Shree Dwarkadhish Temple,19,4
331,Shree Dwarkadhish Temple,20,5
332,Lake Pichola,1,5
333,Lake Pichola,2,4
334,Lake Pichola,3,5
335,Lake Pichola,4,5
336,Lake Pichola,5,4
337,Dhabhai Kund,6,5
338,Dhabhai Kund,7,5
339,Dhabhai Kund,8,3
340,Dhabhai Kund,9,5
341,Dhabhai Kund,10,5
342,"Shri Adinath Digamber Jain Atishay Kshetra, Chand kheri, Khanpur",11,5
343,"Shri Adinath Digamber Jain Atishay Kshetra, Chand kheri, Khanpur",12,5
344,"Shri Adinath Digamber Jain Atishay Kshetra, Chand kheri, Khanpur",13,5
345,"Shri Adinath Digamber Jain Atishay Kshetra, Chand kheri, Khanpur",14,2
346,"Shri Adinath Digamber Jain Atishay Kshetra, Chand kheri, Khanpur",15,5
347,Nahargarh Biological Park,16,5
348,Nahargarh Biological Park,17,4
349,Nahargarh Biological Park,18,4
350,Nahargarh Biological Park,19,5
351,Nahargarh Biological Park,20,5
352,Nagaur Fort,1,5
353,Nagaur Fort,2,5
354,Nagaur Fort,3,5
355,Nagaur Fort,4,5
356,Nagaur Fort,5,5
357,Naldeshwar Shrine,6,5
358,Naldeshwar Shrine,7,1
359,Naldeshwar Shrine,8,5
360,Naldeshwar Shrine,9,1
361,Naldeshwar Shrine,10,5
362,Mount Abu Wildlife Sanctuary,11,4
363,Mount Abu Wildlife Sanctuary,12,4
364,Mount Abu Wildlife Sanctuary,13,3
365,Mount Abu Wildlife Sanctuary,14,5
366,Mount Abu Wildlife Sanctuary,15,5
367,Shree Gushmeshwar Jyotirling Temple Shivad,16,5
368,Shree Gushmeshwar Jyotirling Temple Shivad,17,5
369,Shree Gushmeshwar Jyotirling Temple Shivad,18,5
370,Shree Gushmeshwar Jyotirling Temple Shivad,19,5
371,Shree Gushmeshwar Jyotirling Temple Shivad,20,4
372,Bikana Rail Museum,1,2
373,Gupteshwar Mahadev Mandir,2,4
374,Gupteshwar Mahadev Mandir,3,4
375,Gupteshwar Mahadev Mandir,4,4
376,Gupteshwar Mahadev Mandir,5,3
377,Gupteshwar Mahadev Mandir,6,4
378,Sri Venugopala Swamy Temple,7,4
379,Sri Venugopala Swamy Temple,8,4
380,Sri Venugopala Swamy Temple,9,5
381,Sri Venugopala Swamy Temple,10,5
382,Sri Venugopala Swamy Temple,11,4
383,Nawal Sagar,12,4
384,Nawal Sagar,13,1
385,Nawal Sagar,14,5
386,Nawal Sagar,15,3
387,Nawal Sagar,16,1
388,Tuljabhavani Temple,17,5
389,Tuljabhavani Temple,18,4
390,Tuljabhavani Temple,19,3
391,Tuljabhavani Temple,20,5
392,Tuljabhavani Temple,1,4
393,Sree Mahadeva Temple,2,5
394,Sree Mahadeva Temple,3,1
395,Sree Mahadeva Temple,4,4
396,Sree Mahadeva Temple,5,5
397,Sree Mahadeva Temple,6,4
398,Shiree Temple Ravsria G,7,5
399,Shiree Temple Ravsria G,8,4
400,Shiree Temple Ravsria G,9,5
401,Shiree Temple Ravsria G,10,5
402,Shiree Temple Ravsria G,11,5
403,Shri Icchapurna Balaji Mandir,12,5
404,Sri DadhDevi mata temple kota,13,5
405,Sri DadhDevi mata temple kota,14,5
406,Sri DadhDevi mata temple kota,15,5
407,Sri DadhDevi mata temple kota,16,5
408,Sri DadhDevi mata temple kota,17,3
409,Patwon Ki Haveli,18,4
410,Patwon Ki Haveli,19,4
411,Patwon Ki Haveli,20,5
412,Patwon Ki Haveli,1,5
413,Patwon Ki Haveli,2,5
414,Bal Samand Lake,3,2
415,Bal Samand Lake,4,5
416,Bal Samand Lake,5,5
417,Bal Samand Lake,6,5
418,Bal Samand Lake,7,5
419,shri ramdev ji ka gurudwara,8,5
420,shri ramdev ji ka gurudwara,9,1
421,shri ramdev ji ka gurudwara,10,5
422,shri ramdev ji ka gurudwara,11,1
423,shri ramdev ji ka gurudwara,12,5
424,british institute,13,1
425,british institute,14,1
426,british institute,15,1
427,british institute,16,5
428,british institute,17,5
429,bagore ki haveli,18,5
430,bagore ki haveli,19,5
431,bagore ki haveli,20,4
432,bagore ki haveli,1,5
433,bagore ki haveli,2,4
434,Surya Temple,3,5
435,Surya Temple,4,4
436,Surya Temple,5,3
437,Surya Temple,6,5
438,Surya Temple,7,5
439,Keoladeo National Park,8,5
440,Keoladeo National Park,9,5
441,Keoladeo National Park,10,4
442,Keoladeo National Park,11,5
443,Keoladeo National Park,12,4
444,Sardar Samand Palace,13,5
445,Sardar Samand Palace,14,4
446,Sardar Samand Palace,15,5
447,Sardar Samand Palace,16,5
448,Sardar Samand Palace,17,5
449,Shakambari Jheel,18,5
450,Shakambari Jheel,19,5
451,Shakambari Jheel,20,5
452,Shakambari Jheel,1,5
453,Shakambari Jheel,2,5
454,Shiv Temple,3,5
455,Shiv Temple,4,4
456,Shiv Temple,5,5
457,Shiv Temple,6,5
458,Shiv Temple,7,5
459,SajjanGarh Biological Park,8,2
460,SajjanGarh Biological Park,9,5
461,SajjanGarh Biological Park,10,4
462,SajjanGarh Biological Park,11,3
463,SajjanGarh Biological Park,12,1
464,Kshetrapal Hanuman Temple,13,5
465,Kshetrapal Hanuman Temple,14,5
466,Kshetrapal Hanuman Temple,15,4
467,Kshetrapal Hanuman Temple,16,5
468,Kshetrapal Hanuman Temple,17,5
469,Thakur Ji Shree Raj Ranchhodji Temple,18,4
470,Thakur Ji Shree Raj Ranchhodji Temple,19,5
471,Thakur Ji Shree Raj Ranchhodji Temple,20,4
472,Thakur Ji Shree Raj Ranchhodji Temple,1,4
473,Thakur Ji Shree Raj Ranchhodji Temple,2,5
474,Prachina Museum,3,3
475,Prachina Museum,4,5
476,Prachina Museum,5,3
477,Prachina Museum,6,3
478,Prachina Museum,7,4
479,Hanuman temple,8,1
480,Dhebar Lake,9,5
481,Dhebar Lake,10,5
482,Dhebar Lake,11,5
483,Dhebar Lake,12,5
484,Dhebar Lake,13,5
485,Jalore Fort,14,5
486,Jalore Fort,15,5
487,Jalore Fort,16,5
488,Jalore Fort,17,5
489,Jalore Fort,18,3
490,Longewala War Museum,19,5
491,Longewala War Museum,20,5
492,Longewala War Museum,1,5
493,Longewala War Museum,2,5
494,Longewala War Museum,3,5
495,Ahar Museum,4,4
496,Ahar Museum,5,4
497,Ahar Museum,6,5
498,Ahar Museum,7,5
499,Ahar Museum,8,3
500,Sardul Sadan - Technology Museum,9,3
501,Sardul Sadan - Technology Museum,10,5
502,Ramgarh Vishdhari Wildlife Sanctuary,11,5
503,Ramgarh Vishdhari Wildlife Sanctuary,12,5
504,Ramgarh Vishdhari Wildlife Sanctuary,13,5
505,Ramgarh Vishdhari Wildlife Sanctuary,14,4
506,Ramgarh Vishdhari Wildlife Sanctuary,15,4
507,Jait Sagar Lake,16,4
508,Jait Sagar Lake,17,5
509,Jait Sagar Lake,18,5
510,Jait Sagar Lake,19,4
511,Jait Sagar Lake,20,4
512,Chamunda Mata Ji Ka Mandir,1,5
513,Chamunda Mata Ji Ka Mandir,2,5
514,Savitri Mata Temple,3,1
515,Savitri Mata Temple,4,5
516,Savitri Mata Temple,5,5
517,Savitri Mata Temple,6,5
518,Savitri Mata Temple,7,5
519,Shree Somnath Jyotirling Temple,8,5
520,Shree Somnath Jyotirling Temple,9,5
521,Shree Somnath Jyotirling Temple,10,5
522,Shree Somnath Jyotirling Temple,11,5
523,Shree Somnath Jyotirling Temple,12,5
524,Shree Panch Dev Mandir,13,5
525,Shree Panch Dev Mandir,14,5
526,Shree Panch Dev Mandir,15,5
527,Shree Panch Dev Mandir,16,4
528,Shree Panch Dev Mandir,17,4
529,Chittorgarh Fort,18,5
530,Chittorgarh Fort,19,5
531,Chittorgarh Fort,20,5
532,Chittorgarh Fort,1,5
533,Chittorgarh Fort,2,5
534,Siva Temple Kansua,3,4
535,Siva Temple Kansua,4,5
536,Siva Temple Kansua,5,4
537,Siva Temple Kansua,6,5
538,Siva Temple Kansua,7,5
539,Marecting,8,5
540,Marecting,9,4
541,Marecting,10,5
542,Marecting,11,5
543,Marecting,12,5
544,Sardar Government Museum,13,5
545,Sardar Government Museum,14,5
546,Sardar Government Museum,15,5
547,Sardar Government Museum,16,5
548,Sardar Government Museum,17,5
549,Maharaja Sawai Man Singh II Museum,18,5
550,Maharaja Sawai Man Singh II Museum,19,5
551,Maharaja Sawai Man Singh II Museum,20,4
552,Maharaja Sawai Man Singh II Museum,1,4
553,Maharaja Sawai Man Singh II Museum,2,5
554,Parshvnath Jain Temple & Dadawadi,3,5
555,Shree Mateshwari Tanot Rai Mandir,4,4
556,Shree Mateshwari Tanot Rai Mandir,5,5
557,Shree Mateshwari Tanot Rai Mandir,6,5
558,Shree Mateshwari Tanot Rai Mandir,7,5
559,Shree Mateshwari Tanot Rai Mandir,8,5
560,Government Museum,9,5
561,Government Museum,10,5
562,Government Museum,11,5
563,Government Museum,12,3
564,Government Museum,13,4
565,Nakoda Ji jain Mandir,14,5
566,Nakoda Ji jain Mandir,15,5
567,Nakoda Ji jain Mandir,16,5
568,Nakoda Ji jain Mandir,17,5
569,Nakoda Ji jain Mandir,18,5
570,Shiv Mandir,19,5
571,Shiv Mandir,20,5
572,Shiv Mandir,1,5
573,Shiv Mandir,2,5
574,Shiv Mandir,3,3
575,Mehandipur Balaji Mandir,4,5
576,Mehandipur Balaji Mandir,5,5
577,Mehandipur Balaji Mandir,6,5
578,Mehandipur Balaji Mandir,7,5
579,Mehandipur Balaji Mandir,8,5
580,Shree Nakhat Banna Temple,9,5
581,Nathmal Ki Haveli,10,4
582,Nathmal Ki Haveli,11,5
583,Nathmal Ki Haveli,12,5
584,Nathmal Ki Haveli,13,4
585,Nathmal Ki Haveli,14,2
586,Devi Kund Sagar,15,5
587,Devi Kund Sagar,16,4
588,Devi Kund Sagar,17,5
589,Devi Kund Sagar,18,5
590,Devi Kund Sagar,19,3
591,Pandupol Hanuman Ji Mandir,20,5
592,Pandupol Hanuman Ji Mandir,1,5
593,Pandupol Hanuman Ji Mandir,2,4
594,Pandupol Hanuman Ji Mandir,3,5
595,Pandupol Hanuman Ji Mandir,4,5
596,Amar Sagar Jain Temple,5,4
597,Amar Sagar Jain Temple,6,5
598,Amar Sagar Jain Temple,7,4
599,Amar Sagar Jain Temple,8,3
600,Amar Sagar Jain Temple,9,5
601,Moti Dungri Ganesh Ji Temple,10,5
602,Moti Dungri Ganesh Ji Temple,11,4
603,Moti Dungri Ganesh Ji Temple,12,3
604,Moti Dungri Ganesh Ji Temple,13,5
605,Moti Dungri Ganesh Ji Temple,14,5
606,Baba Ramdev Temple,15,5
607,Baba Ramdev Temple,16,5
608,Baba Ramdev Temple,17,5
609,Baba Ramdev Temple,18,4
610,Baba Ramdev Temple,19,5
611,Seth Bhandasar Jain Temple,20,5
612,Seth Bhandasar Jain Temple,1,5
613,Seth Bhandasar Jain Temple,2,5
614,Seth Bhandasar Jain Temple,3,4
615,Seth Bhandasar Jain Temple,4,5
616,Ranthambore National Park,5,1
617,Ranthambore National Park,6,5
618,Ranthambore National Park,7,5
619,Ranthambore National Park,8,5
620,Ranthambore National Park,9,4
621,"Baba Ramdev Temple, Jaipal Basti, Ramdevra, Rajasthan",10,5
622,"Baba Ramdev Temple, Jaipal Basti, Ramdevra, Rajasthan",11,5
623,"Baba Ramdev Temple, Jaipal Basti, Ramdevra, Rajasthan",12,5
624,"Baba Ramdev Temple, Jaipal Basti, Ramdevra, Rajasthan",13,5
625,"Baba Ramdev Temple, Jaipal Basti, Ramdevra, Rajasthan",14,5
626,Gapernath,15,4
627,Gapernath,16,5
628,Gapernath,17,5
629,Gapernath,18,5
630,Gapernath,19,5
631,Mata Mansa Devi Mandir,20,5
632,Mata Mansa Devi Mandir,1,4
633,Mata Mansa Devi Mandir,2,5
634,Mata Mansa Devi Mandir,3,5
635,Mata Mansa Devi Mandir,4,5
636,Jama Masjid,5,5
637,Jama Masjid,6,5
638,Jama Masjid,7,4
639,Jama Masjid,8,5
640,Jama Masjid,9,5
641,Panchdev Temple,10,5
642,Panchdev Temple,11,4
643,Panchdev Temple,12,5
644,Panchdev Temple,13,5
645,Panchdev Temple,14,5
646,Sri Laxmi Narayan Mandir,15,4
647,Sri Laxmi Narayan Mandir,16,5
648,Sri Laxmi Narayan Mandir,17,3
649,Sri Laxmi Narayan Mandir,18,3
650,Sri Laxmi Narayan Mandir,19,5
651,Panchdev Mandir Vajapur,20,5
652,Panchdev Mandir Vajapur,1,5
653,Panchdev Mandir Vajapur,2,5
654,Panchdev Mandir Vajapur,3,5
655,Panchdev Mandir Vajapur,4,4
656,Shri Naminath Jain Temple,5,5
657,Shri Naminath Jain Temple,6,4
658,Shri Naminath Jain Temple,7,5
659,Shri Naminath Jain Temple,8,5
660,Shri Naminath Jain Temple,9,5
661,Shiv Mandir,10,5
662,Shiv Mandir,11,3
663,Shiv Mandir,12,5
664,Shiv Mandir,13,5
665,Shiv Mandir,14,1
666,Gurudwara shri kalgidhar bagor sahib,15,5
667,Gurudwara shri kalgidhar bagor sahib,16,5
668,Gurudwara shri kalgidhar bagor sahib,17,5
669,Gurudwara shri kalgidhar bagor sahib,18,4
670,Gurudwara shri kalgidhar bagor sahib,19,5
671,Gadisar Lake,20,4
672,Gadisar Lake,1,4
673,Gadisar Lake,2,5
674,Gadisar Lake,3,4
675,Gadisar Lake,4,5
676,SP Office Baran,5,1
677,SP Office Baran,6,4
678,Khawaja Gharib Nawaz,7,5
679,Khawaja Gharib Nawaz,8,5
680,Khawaja Gharib Nawaz,9,1
681,Khawaja Gharib Nawaz,10,5
682,Khawaja Gharib Nawaz,11,5
683,Harni Mahadev Temple,12,5
684,Harni Mahadev Temple,13,5
685,Harni Mahadev Temple,14,5
686,Harni Mahadev Temple,15,5
687,Harni Mahadev Temple,16,5
688,Foy Sagar Lake,17,4
689,Foy Sagar Lake,18,3
690,Foy Sagar Lake,19,5
691,Foy Sagar Lake,20,3
692,Foy Sagar Lake,1,4
693,Cave Temple,2,3
694,Cave Temple,3,5
695,Cave Temple,4,5
696,Cave Temple,5,5
697,Cave Temple,6,5
698,Hanumanji ka mandir,7,5
699,Hanumanji ka mandir,8,5
700,Hanumanji ka mandir,9,4
701,Hanumanji ka mandir,10,5
702,Hanumanji ka mandir,11,5
703,Sri Jain Parswanath Shwetabmer Ji Mandir,12,5
704,Sri Jain Parswanath Shwetabmer Ji Mandir,13,5
705,Sri Jain Parswanath Shwetabmer Ji Mandir,14,5
706,Sri Jain Parswanath Shwetabmer Ji Mandir,15,4
707,Sri Jain Parswanath Shwetabmer Ji Mandir,16,5
708,Muni Maharaj Temple Mansagar,17,2
709,Muni Maharaj Temple Mansagar,18,5
710,Muni Maharaj Temple Mansagar,19,5
711,Muni Maharaj Temple Mansagar,20,5
712,chamunda Mataji Mandir,1,5
713,chamunda Mataji Mandir,2,5
714,chamunda Mataji Mandir,3,5
715,chamunda Mataji Mandir,4,4
716,chamunda Mataji Mandir,5,5
717,Junagarh Fort,6,5
718,Junagarh Fort,7,4
719,Junagarh Fort,8,5
720,Junagarh Fort,9,4
721,Junagarh Fort,10,4
722,Magazine,11,4
723,Magazine,12,5
724,Magazine,13,4
725,Magazine,14,2
726,Magazine,15,5
727,Temple,16,5
728,Temple,17,5
729,Temple,18,4
730,Temple,19,5
731,Temple,20,5
732,Government Museum,1,3
733,Government Museum,2,5
734,Government Museum,3,5
735,Government Museum,4,5
736,Government Museum,5,5
737,Panchdev Panipuri,6,1
738,Panchdev Panipuri,7,5
739,Panchdev Panipuri,8,5
740,Panchdev Panipuri,9,1
741,Panchdev Panipuri,10,1
742,Udai Sagar Lake,11,4
743,Udai Sagar Lake,12,5
744,Udai Sagar Lake,13,5
745,Udai Sagar Lake,14,5
746,Udai Sagar Lake,15,5
747,Jaswant Thada,16,5
748,Jaswant Thada,17,5
749,Jaswant Thada,18,4
750,Jaswant Thada,19,5
751,Jaswant Thada,20,4
752,Science Centre Bikaner,1,5
753,Science Centre Bikaner,2,1
754,Science Centre Bikaner,3,5
755,Science Centre Bikaner,4,3
756,Science Centre Bikaner,5,4
757,Ram Sarovar,6,5
758,Ram Sarovar,7,5
759,Ram Sarovar,8,5
760,Ram Sarovar,9,5
761,Ram Sarovar,10,4
762,Abheda Mahal,11,5
763,Abheda Mahal,12,5
764,Abheda Mahal,13,5
765,Abheda Mahal,14,5
766,Abheda Mahal,15,4
767,Major Puran Singh Statue,16,5
768,"Ghate Wale Baba Ka Mandir, Mehandipur Balaji",17,5
769,"Ghate Wale Baba Ka Mandir, Mehandipur Balaji",18,5
770,"Ghate Wale Baba Ka Mandir, Mehandipur Balaji",19,5
771,"Ghate Wale Baba Ka Mandir, Mehandipur Balaji",20,5
772,"Ghate Wale Baba Ka Mandir, Mehandipur Balaji",1,5
773,Amreshwar Mahadev Temple,2,5
774,Amreshwar Mahadev Temple,3,4
775,Amreshwar Mahadev Temple,4,5
776,Amreshwar Mahadev Temple,5,5
777,Amreshwar Mahadev Temple,6,4
778,Golden City Fort Jaisalmer,7,5
779,Golden City Fort Jaisalmer,8,5
780,Golden City Fort Jaisalmer,9,4
781,Golden City Fort Jaisalmer,10,4
782,Golden City Fort Jaisalmer,11,4
783,Shree Pashupatinath Temple,12,5
784,Shree Pashupatinath Temple,13,4
785,Shree Pashupatinath Temple,14,1
786,Shree Pashupatinath Temple,15,5
787,Shree Pashupatinath Temple,16,5
788,"Brahmani Mata Mandir, Sorsan",17,5
789,"Brahmani Mata Mandir, Sorsan",18,5
790,"Brahmani Mata Mandir, Sorsan",19,5
791,"Brahmani Mata Mandir, Sorsan",20,3
792,"Brahmani Mata Mandir, Sorsan",1,5
793,Shahabad Shahi Jama Masjid,2,3
794,Shahabad Shahi Jama Masjid,3,4
795,Shahabad Shahi Jama Masjid,4,1
796,Shahabad Shahi Jama Masjid,5,3
797,Shahabad Shahi Jama Masjid,6,5
798,Chamunda Mata Ka Mandir,7,5
799,Chamunda Mata Ka Mandir,8,2
800,Chamunda Mata Ka Mandir,9,5
801,Chamunda Mata Ka Mandir,10,5
802,Chamunda Mata Ka Mandir,11,1
803,Khade Ganesh Ji Mandir,12,5
804,Khade Ganesh Ji Mandir,13,4
805,Khade Ganesh Ji Mandir,14,5
806,Khade Ganesh Ji Mandir,15,5
807,Khade Ganesh Ji Mandir,16,5
808,Chamunda Mata Mandir,17,5
809,Chamunda Mata Mandir,18,5
810,Chamunda Mata Mandir,19,5
811,Chamunda Mata Mandir,20,5
812,Chamunda Mata Mandir,1,5
813,Shri Jain Shwetamber Nakoda Parshwanath Tirth,2,5
814,Shri Jain Shwetamber Nakoda Parshwanath Tirth,3,4
815,Shri Jain Shwetamber Nakoda Parshwanath Tirth,4,5
816,Shri Jain Shwetamber Nakoda Parshwanath Tirth,5,4
817,Shri Jain Shwetamber Nakoda Parshwanath Tirth,6,5
818,Pushkar Lake,7,5
819,Pushkar Lake,8,5
820,Pushkar Lake,9,5
821,Pushkar Lake,10,5
822,Pushkar Lake,11,5
823,Amar Sagar,12,3
824,Amar Sagar,13,5
825,Amar Sagar,14,5
826,Amar Sagar,15,5
827,Amar Sagar,16,5
828,Mata Rani Mandir,17,4
829,Mata Rani Mandir,18,4
830,Mata Rani Mandir,19,5
831,Yogi Bharthari Nath Temple,20,4
832,Yogi Bharthari Nath Temple,1,4
833,Yogi Bharthari Nath Temple,2,5
834,Yogi Bharthari Nath Temple,3,5
835,Yogi Bharthari Nath Temple,4,5
836,Shri Mahaveer Ji,5,5
837,Shri Mahaveer Ji,6,5
838,Shri Mahaveer Ji,7,5
839,Shri Mahaveer Ji,8,5
840,Shri Mahaveer Ji,9,4
841,Shree Samosaran Temple,10,5
842,Shree Samosaran Temple,11,5
843,Shree Samosaran Temple,12,5
844,Shree Samosaran Temple,13,4
845,Shree Samosaran Temple,14,4
846,Laxmangarh Fort,15,4
847,Laxmangarh Fort,16,1
848,Laxmangarh Fort,17,3
849,Laxmangarh Fort,18,1
850,Laxmangarh Fort,19,5
851,Ranakpur Jain Temple,20,5
852,Ranakpur Jain Temple,1,5
853,Ranakpur Jain Temple,2,4
854,Ranakpur Jain Temple,3,4
855,Ranakpur Jain Temple,4,5
856,Shri Ganga Maharani Ji Temple,5,5
857,Shri Ganga Maharani Ji Temple,6,5
858,Shri Ganga Maharani Ji Temple,7,4
859,Shri Ganga Maharani Ji Temple,8,5
860,Shri Ganga Maharani Ji Temple,9,5
861,Siliserh Lake,10,5
862,Siliserh Lake,11,3
863,Siliserh Lake,12,4
864,Siliserh Lake,13,5
865,Siliserh Lake,14,3
866,Dev Somnath.,15,5
867,Dev Somnath.,16,5
868,Dev Somnath.,17,4
869,Dev Somnath.,18,4
870,Dev Somnath.,19,5
871,Akshardham Temple,20,5
872,Akshardham Temple,1,5
873,Akshardham Temple,2,5
874,Akshardham Temple,3,5
875,Akshardham Temple,4,5
876,Shree Nandan Courier Service Private Limited,5,1
877,Shree Nandan Courier Service Private Limited,6,1
878,Shree Nandan Courier Service Private Limited,7,1
879,Shree Nandan Courier Service Private Limited,8,5
880,Shree Nandan Courier Service Private Limited,9,4
881,Ambedkar Statue,10,5
882,Ambedkar Statue,11,5
883,Ambedkar Statue,12,3
884,Ambedkar Statue,13,5
885,Ambedkar Statue,14,5
886,Digamber Jain Temple,15,5
887,Digamber Jain Temple,16,4
888,Digamber Jain Temple,17,4
889,Digamber Jain Temple,18,5
890,Digamber Jain Temple,19,5
891,Bhand Devra Group Of Temples,20,5
892,Bhand Devra Group Of Temples,1,5
893,Bhand Devra Group Of Temples,2,5
894,Bhand Devra Group Of Temples,3,5
895,Bhand Devra Group Of Temples,4,5
896,Sisodia Rani ka Bagh,5,5
897,Sisodia Rani ka Bagh,6,5
898,Sisodia Rani ka Bagh,7,4
899,Sisodia Rani ka Bagh,8,5
900,Sisodia Rani ka Bagh,9,4
901,Kumbhalgarh Fort,10,5
902,Kumbhalgarh Fort,11,4
903,Kumbhalgarh Fort,12,5
904,Kumbhalgarh Fort,13,5
905,Kumbhalgarh Fort,14,5
906,Panchdev Mandir,15,5
907,Panchdev Mandir,16,4
908,Panchdev Mandir,17,5
909,Panchdev Mandir,18,5
910,Panchdev Mandir,19,4
911,"Shri Govind Dev Ji Temple, Jaipur",20,4
912,"Shri Govind Dev Ji Temple, Jaipur",1,5
913,"Shri Govind Dev Ji Temple, Jaipur",2,5
914,"Shri Govind Dev Ji Temple, Jaipur",3,4
915,"Shri Govind Dev Ji Temple, Jaipur",4,5
916,Hitesh Suit Collection Baran,5,5
917,Hitesh Suit Collection Baran,6,5
918,Hitesh Suit Collection Baran,7,5
919,Hitesh Suit Collection Baran,8,5
920,Hitesh Suit Collection Baran,9,5
921,Madareshwar Temple,10,4
922,Madareshwar Temple,11,4
923,Madareshwar Temple,12,5
924,Madareshwar Temple,13,5
925,Madareshwar Temple,14,5
926,Sundha Mata Temple,15,4
927,Sundha Mata Temple,16,5
928,Sundha Mata Temple,17,5
929,Sundha Mata Temple,18,5
930,Sundha Mata Temple,19,5
931,Vishnu Mandir,20,5
932,Vishnu Mandir,1,5
933,Vishnu Mandir,2,3
934,Vishnu Mandir,3,5
935,Vishnu Mandir,4,5
936,Kaylana Lake,5,4
937,Kaylana Lake,6,3
938,Kaylana Lake,7,5
939,Kaylana Lake,8,4
940,Kaylana Lake,9,4
941,Sorsan Wildlife Sanctuary,10,5
942,Sorsan Wildlife Sanctuary,11,5
943,Sorsan Wildlife Sanctuary,12,3
944,Sorsan Wildlife Sanctuary,13,5
945,Sorsan Wildlife Sanctuary,14,5
946,Jal Mahal,15,5
947,Jal Mahal,16,5
948,Jal Mahal,17,5
949,Jal Mahal,18,4
950,Jal Mahal,19,4
951,Jaisalmer War Museum,20,5
952,Jaisalmer War Museum,1,5
953,Jaisalmer War Museum,2,5
954,Jaisalmer War Museum,3,4
955,Jaisalmer War Museum,4,5
956,Bajrang Bali Shree Hanuman Ji Ka Mandir,5,5
957,Bajrang Bali Shree Hanuman Ji Ka Mandir,6,3
958,Kishangarh Fort,7,5
959,Kishangarh Fort,8,3
960,Kishangarh Fort,9,5
961,Kishangarh Fort,10,3
962,Kishangarh Fort,11,5
963,Maa Chamunda Mata Ji Mandir,12,1
964,Maa Chamunda Mata Ji Mandir,13,3
965,Shree Ichapurn Gajathat Ji,14,5
966,Shree Ichapurn Gajathat Ji,15,3
967,Maa Chamunda Temple,16,5
968,Maa Chamunda Temple,17,5
969,Maa Chamunda Temple,18,5
970,Maa Chamunda Temple,19,4
971,Maa Chamunda Temple,20,5
972,Bandhe Ke Balaji,1,4
973,Bandhe Ke Balaji,2,5
974,Bandhe Ke Balaji,3,5
975,Bandhe Ke Balaji,4,5
976,Bandhe Ke Balaji,5,4
977,Mahandipur Bala Ji Temple,6,4
978,Mahandipur Bala Ji Temple,7,5
979,Mahandipur Bala Ji Temple,8,1
980,Mahandipur Bala Ji Temple,9,1
981,Mahandipur Bala Ji Temple,10,5
982,Chandrabhaga Temple,11,4
983,Chandrabhaga Temple,12,5
984,Chandrabhaga Temple,13,5
985,Chandrabhaga Temple,14,5
986,Chandrabhaga Temple,15,5
987,Taragarh Fort,16,5
988,Taragarh Fort,17,4
989,Taragarh Fort,18,4
990,Taragarh Fort,19,3
991,Taragarh Fort,20,4
992,Shahabad Fort,1,5
993,Shahabad Fort,2,5
994,Shahabad Fort,3,3
995,Shahabad Fort,4,5
996,Shahabad Fort,5,5
997,Anasagar Lake,6,5
998,Anasagar Lake,7,5
999,Anasagar Lake,8,5
1000,Anasagar Lake,9,5
1001,Anasagar Lake,10,5
1002,Longewala - The Battlefield,11,5
1003,Longewala - The Battlefield,12,5
1004,Longewala - The Battlefield,13,5
1005,Longewala - The Battlefield,14,5
1006,Longewala - The Battlefield,15,5
1007,Bhatner Fort,16,4
1008,Bhatner Fort,17,3
1009,Bhatner Fort,18,5
1010,Bhatner Fort,19,3
1011,Bhatner Fort,20,5
1012,Jai Jai tour & travel,1,5
1013,Jai Jai tour & travel,2,5
1014,Jai Jai tour & travel,3,5
1015,Jai Jai tour & travel,4,5
1016,Jai Jai tour & travel,5,5
1017,"Monsoon Palace, Sajjan Garh",6,5
1018,"Monsoon Palace, Sajjan Garh",7,4
1019,"Monsoon Palace, Sajjan Garh",8,5
1020,"Monsoon Palace, Sajjan Garh",9,4
1021,"Monsoon Palace, Sajjan Garh",10,5
1022,Dialab Lake,11,4
1023,Dialab Lake,12,4
1024,Dialab Lake,13,5
1025,Dialab Lake,14,4
1026,Dialab Lake,15,5
1027,Sursagar Lake,16,4
1028,Sursagar Lake,17,4
1029,Sursagar Lake,18,5
1030,Sursagar Lake,19,2
1031,Sursagar Lake,20,5
1032,Achal Nath Temple,1,5
1033,Achal Nath Temple,2,3
1034,Achal Nath Temple,3,4
1035,Achal Nath Temple,4,5
1036,Achal Nath Temple,5,5
1037,Ranchoddasji Ka Mandir,6,4
1038,Ranchoddasji Ka Mandir,7,4
1039,Ranchoddasji Ka Mandir,8,5
1040,Ranchoddasji Ka Mandir,9,5
1041,Ranchoddasji Ka Mandir,10,5
1042,Karni Mata Temple,11,5
1043,Karni Mata Temple,12,4
1044,Karni Mata Temple,13,5
1045,Karni Mata Temple,14,5
1046,Karni Mata Temple,15,4
1047,Bhavya Churans& Masala,16,5
1048,Bhavya Churans& Masala,17,5
1049,Bhavya Churans& Masala,18,1
1050,Bhavya Churans& Masala,19,5
1051,Bhavya Churans& Masala,20,5
1052,Kaila Devi Temple,1,3
1053,Kaila Devi Temple,2,5
1054,Kaila Devi Temple,3,5
1055,Kaila Devi Temple,4,4
1056,Kaila Devi Temple,5,5
1057,Hawa Mahal,6,5
1058,Hawa Mahal,7,4
1059,Hawa Mahal,8,5
1060,Hawa Mahal,9,5
1061,Hawa Mahal,10,5
1062,Aviary - Bird Sanctuary,11,4
1063,Aviary - Bird Sanctuary,12,4
1064,Aviary - Bird Sanctuary,13,4
1065,Aviary - Bird Sanctuary,14,4
1066,Aviary - Bird Sanctuary,15,2
1067,Jhalana Safari Park,16,1
1068,Jhalana Safari Park,17,4
1069,Jhalana Safari Park,18,5
1070,Jhalana Safari Park,19,2
1071,Jhalana Safari Park,20,5
1072,Shree Kalyan Ji Temple (Shreeji Temple),1,5
1073,Shree Kalyan Ji Temple (Shreeji Temple),2,5
1074,Shree Kalyan Ji Temple (Shreeji Temple),3,5
1075,Shree Kalyan Ji Temple (Shreeji Temple),4,5
1076,Shree Kalyan Ji Temple (Shreeji Temple),5,5
1077,Ramdevpir mandir,6,4
1078,Ramdevpir mandir,7,5
1079,Ramdevpir mandir,8,5
1080,Ramdevpir mandir,9,5
1081,Ramdevpir mandir,10,5
1082,RAMDEVRA (Ramdevpir Temple),11,5
1083,RAMDEVRA (Ramdevpir Temple),12,5
1084,RAMDEVRA (Ramdevpir Temple),13,5
1085,RAMDEVRA (Ramdevpir Temple),14,5
1086,RAMDEVRA (Ramdevpir Temple),15,5
1087,Nagfani Digamber Jain Temple,16,5
1088,Nagfani Digamber Jain Temple,17,5
1089,Nagfani Digamber Jain Temple,18,5
1090,Nagfani Digamber Jain Temple,19,5
1091,Nagfani Digamber Jain Temple,20,5
1092,Taal Chappar Black Buck Sanctuary,1,5
1093,Taal Chappar Black Buck Sanctuary,2,5
1094,Taal Chappar Black Buck Sanctuary,3,5
1095,Taal Chappar Black Buck Sanctuary,4,5
1096,Taal Chappar Black Buck Sanctuary,5,5
1097,Panch DEV MANDIR,6,5
1098,Panch DEV MANDIR,7,5
1099,Panch DEV MANDIR,8,5
1100,Shree Jain Tirth Sansthan - Ramdevra,9,3
1101,Shree Jain Tirth Sansthan - Ramdevra,10,5
1102,Shree Jain Tirth Sansthan - Ramdevra,11,4
1103,Shree Jain Tirth Sansthan - Ramdevra,12,5
1104,Kiradu Historical Temple Parmar Era,13,4
1105,Kiradu Historical Temple Parmar Era,14,1
1106,Kiradu Historical Temple Parmar Era,15,5
1107,Kiradu Historical Temple Parmar Era,16,5
1108,Kiradu Historical Temple Parmar Era,17,5
1109,Guru Sri Ram Nath Ji Maharaj,18,5
1110,Mukundara Hills Tiger Reserve,19,5
1111,Mukundara Hills Tiger Reserve,20,5
1112,Mukundara Hills Tiger Reserve,1,4
1113,Mukundara Hills Tiger Reserve,2,5
1114,Mukundara Hills Tiger Reserve,3,5
1115,Abkari Police Station-Baran,4,1
1116,Abkari Police Station-Baran,5,3
1117,Abkari Police Station-Baran,6,3
1118,Abkari Police Station-Baran,7,1
1119,Abkari Police Station-Baran,8,4
1120,Dudh Talai,9,5
1121,Dudh Talai,10,4
1122,Dudh Talai,11,4
1123,Dudh Talai,12,2
1124,Dudh Talai,13,5
1125,"Police Chauki, Tel Factory Baran",14,4
1126,"Police Chauki, Tel Factory Baran",15,4
1127,"Police Chauki, Tel Factory Baran",16,5
1128,"Police Chauki, Tel Factory Baran",17,4
1129,"Police Chauki, Tel Factory Baran",18,5
1130,Jain Temples,19,5
1131,Jain Temples,20,5
1132,Jain Temples,1,5
1133,Jain Temples,2,4
1134,Jain Temples,3,5
1135,Nareli Gyanoday Digamber Jain Temple,4,5
1136,Nareli Gyanoday Digamber Jain Temple,5,5
1137,Nareli Gyanoday Digamber Jain Temple,6,5
1138,Nareli Gyanoday Digamber Jain Temple,7,5
1139,Nareli Gyanoday Digamber Jain Temple,8,5
1140,Jogmaya Mandir,9,5
1141,Jogmaya Mandir,10,5
1142,Jogmaya Mandir,11,4
1143,Jogmaya Mandir,12,5
1144,Jogmaya Mandir,13,5
1145,Mahal khas Palace,14,3
1146,Mahal khas Palace,15,2
1147,Mahal khas Palace,16,5
1148,Mahal khas Palace,17,3
1149,Mahal khas Palace,18,5
1150,Lohagarh Fort,19,5
1151,Lohagarh Fort,20,5
1152,Lohagarh Fort,1,4
1153,Lohagarh Fort,2,5
1154,Lohagarh Fort,3,5
1155,The Sculpture Park at Madhavendra Palace,4,5
1156,The Sculpture Park at Madhavendra Palace,5,5
1157,The Sculpture Park at Madhavendra Palace,6,5
1158,The Sculpture Park at Madhavendra Palace,7,4
1159,The Sculpture Park at Madhavendra Palace,8,3
1160,Band Baretha Hotels & Resort Pvt. Ltd.,9,5
1161,Band Baretha Hotels & Resort Pvt. Ltd.,10,5
1162,Band Baretha Hotels & Resort Pvt. Ltd.,11,5
1163,Band Baretha Hotels & Resort Pvt. Ltd.,12,5
1164,Band Baretha Hotels & Resort Pvt. Ltd.,13,5
1165,Shri Laxminath Temple,14,5
1166,Shri Laxminath Temple,15,5
1167,Shri Laxminath Temple,16,4
1168,Shri Laxminath Temple,17,5
1169,Shri Laxminath Temple,18,4
1170,Government Museum Ajmer,19,5
1171,Government Museum Ajmer,20,3
1172,Government Museum Ajmer,1,5
1173,Government Museum Ajmer,2,3
1174,Government Museum Ajmer,3,5
1175,"Government Museum & District Library, Bikaner",4,5
1176,"Government Museum & District Library, Bikaner",5,5
1177,"Government Museum & District Library, Bikaner",6,4
1178,"Government Museum & District Library, Bikaner",7,3
1179,"Government Museum & District Library, Bikaner",8,5
1180,Badnore Fort,9,2
1181,Badnore Fort,10,4
1182,Badnore Fort,11,5
1183,Badnore Fort,12,5
1184,Badnore Fort,13,5
1185,Sri Ganesha Temple,14,5
1186,Sri Ganesha Temple,15,5
1187,Sri Ganesha Temple,16,5
1188,Sri Ganesha Temple,17,4
1189,Sri Ganesha Temple,18,1
1190,Shrinathji Temple,19,4
1191,Shrinathji Temple,20,5
1192,Shrinathji Temple,1,5
1193,Shrinathji Temple,2,4
1194,Shrinathji Temple,3,4
1195,Shri Digambar Jain Mandir,4,5
1196,Shri Digambar Jain Mandir,5,5
1197,Shri Digambar Jain Mandir,6,5
1198,Shri Digambar Jain Mandir,7,5
1199,Shri Digambar Jain Mandir,8,5
1200,"Sur Taal Music Academy,Baran",9,5
1201,"Sur Taal Music Academy,Baran",10,5
1202,"Sur Taal Music Academy,Baran",11,5
1203,"Sur Taal Music Academy,Baran",12,5
1204,"Sur Taal Music Academy,Baran",13,5
1205,Parcha Bawari,14,4
1206,Parcha Bawari,15,5
1207,Parcha Bawari,16,4
1208,Parcha Bawari,17,3
1209,Parcha Bawari,18,5
1210,Hexagon,19,4
1211,Varaha Temple,20,5
1212,Varaha Temple,1,5
1213,Varaha Temple,2,5
1214,Varaha Temple,3,5
1215,Varaha Temple,4,4
1216,Shri Pipleshwar Mahadev Temple,5,4
1217,Shri Pipleshwar Mahadev Temple,6,5
1218,Jalandhar Nath Ji Temple Maha Mandir,7,5
1219,Jalandhar Nath Ji Temple Maha Mandir,8,5
1220,Jalandhar Nath Ji Temple Maha Mandir,9,5
1221,Jalandhar Nath Ji Temple Maha Mandir,10,4
1222,Jalandhar Nath Ji Temple Maha Mandir,11,5
1223,Panchdev Mahadev Temple,12,5
1224,Panchdev Mahadev Temple,13,5
1225,Panchdev Mahadev Temple,14,5
1226,Panchdev Mahadev Temple,15,5
1227,Panchdev Mahadev Temple,16,5
1228,Sri Mahaveer Mandir,17,5
1229,Sri Mahaveer Mandir,18,5
1230,Sri Mahaveer Mandir,19,5
1231,Sri Mahaveer Mandir,20,5
1232,Sri Mahaveer Mandir,1,5
1233,Baneshwar temple,2,5
1234,Baneshwar temple,3,5
1235,Baneshwar temple,4,5
1236,Baneshwar temple,5,5
1237,Baneshwar temple,6,5
1238,Karatians School Rajasthan,7,5
1239,Karatians School Rajasthan,8,5
1240,Karatians School Rajasthan,9,5
1241,Karatians School Rajasthan,10,5
1242,Karatians School Rajasthan,11,5
1243,Kamitpuran Parshvnath Jain Mandir,12,5
1244,Kamitpuran Parshvnath Jain Mandir,13,5
1245,Kamitpuran Parshvnath Jain Mandir,14,5
1246,Kamitpuran Parshvnath Jain Mandir,15,5
1247,Kamitpuran Parshvnath Jain Mandir,16,5
1248,Government Museum of Mandore,17,1
1249,Government Museum of Mandore,18,3
1250,Government Museum of Mandore,19,4
1251,Government Museum of Mandore,20,5
1252,Government Museum of Mandore,1,3
1253,Awesome School Baran,2,5
1254,Awesome School Baran,3,1
1255,Awesome School Baran,4,3
1256,Awesome School Baran,5,5
1257,Awesome School Baran,6,5
1258,"Jogmaya Gadh Mandir, Old Watch Tower of Barmer Fort",7,5
1259,"Jogmaya Gadh Mandir, Old Watch Tower of Barmer Fort",8,5
1260,"Jogmaya Gadh Mandir, Old Watch Tower of Barmer Fort",9,5
1261,"Jogmaya Gadh Mandir, Old Watch Tower of Barmer Fort",10,5
1262,"Jogmaya Gadh Mandir, Old Watch Tower of Barmer Fort",11,5
1263,Van Vihar National Park Bhopal,12,5
1264,Van Vihar National Park Bhopal,13,5
1265,Van Vihar National Park Bhopal,14,4
1266,Van Vihar National Park Bhopal,15,4
1267,Van Vihar National Park Bhopal,16,5
1268,Bikaji Ki Tekri,17,4
1269,Bikaji Ki Tekri,18,4
1270,Bikaji Ki Tekri,19,5
1271,Bikaji Ki Tekri,20,4
1272,Bikaji Ki Tekri,1,5
1273,Bhakti Mandir,2,5
1274,Bhakti Mandir,3,5
1275,Bhakti Mandir,4,5
1276,Bhakti Mandir,5,5
1277,Bhakti Mandir,6,5
1278,Sri Dwarkadish temple,7,3
1279,Sri Dwarkadish temple,8,5
1280,Sri Dwarkadish temple,9,5
1281,Sri Dwarkadish temple,10,5
1282,Sri Dwarkadish temple,11,4
1283,Charan Chauki,12,5
1284,Charan Chauki,13,5
1285,Charan Chauki,14,4
1286,Charan Chauki,15,1
1287,Charan Chauki,16,5
1288,Khade Ganeshji Mandir Mukhya Dwar,17,5
1289,Khade Ganeshji Mandir Mukhya Dwar,18,5
1290,Khade Ganeshji Mandir Mukhya Dwar,19,5
1291,Khade Ganeshji Mandir Mukhya Dwar,20,5
1292,Khade Ganeshji Mandir Mukhya Dwar,1,5
1293,Ranthambore Fort,2,5
1294,Ranthambore Fort,3,5
1295,Ranthambore Fort,4,5
1296,Ranthambore Fort,5,5
1297,Ranthambore Fort,6,4
1298,Jagmandir,7,5
1299,Jagmandir,8,5
1300,Jagmandir,9,5
1301,Jagmandir,10,5
1302,Jagmandir,11,5
1303,"Karneshwar Temple,Laxminarasinha Temple",12,5
1304,"Karneshwar Temple,Laxminarasinha Temple",13,5
1305,"Karneshwar Temple,Laxminarasinha Temple",14,5
1306,"Karneshwar Temple,Laxminarasinha Temple",15,4
1307,"Karneshwar Temple,Laxminarasinha Temple",16,5
1308,Bala Satimata Mandir,17,4
1309,Bala Satimata Mandir,18,5
1310,Bala Satimata Mandir,19,5
1311,Bala Satimata Mandir,20,5
1312,Bala Satimata Mandir,1,5
1313,Konark Sun Temple,2,5
1314,Konark Sun Temple,3,5
1315,Konark Sun Temple,4,5
1316,Konark Sun Temple,5,5
1317,Konark Sun Temple,6,4
1318,Vicky Tour and Travels,7,5
1319,Vicky Tour and Travels,8,5
1320,Vicky Tour and Travels,9,5
1321,Vicky Tour and Travels,10,3
1322,Vicky Tour and Travels,11,5
1323,"Mangrol Darwaja, Baran",12,5
1324,"Mangrol Darwaja, Baran",13,5
1325,"Mangrol Darwaja, Baran",14,5
1326,"Mangrol Darwaja, Baran",15,4
1327,"Mangrol Darwaja, Baran",16,5
1328,Salam Singh Ki Haweli (Moti Mahal),17,5
1329,Salam Singh Ki Haweli (Moti Mahal),18,3
1330,Salam Singh Ki Haweli (Moti Mahal),19,3
1331,Salam Singh Ki Haweli (Moti Mahal),20,4
1332,Salam Singh Ki Haweli (Moti Mahal),1,3
1333,Harshad Mata Temple,2,4
1334,Harshad Mata Temple,3,4
1335,Harshad Mata Temple,4,3
1336,Harshad Mata Temple,5,5
1337,Harshad Mata Temple,6,5
1338,Gugor Fort,7,5
1339,Gugor Fort,8,5
1340,Gugor Fort,9,5
1341,Gugor Fort,10,1
1342,Gugor Fort,11,4
1343,Garadia Mahadev Temple,12,5
1344,Garadia Mahadev Temple,13,5
1345,Garadia Mahadev Temple,14,5
1346,Garadia Mahadev Temple,15,5
1347,Garadia Mahadev Temple,16,4
1348,Jaipur Wax Museum Nahargarh Fort,17,4
1349,Jaipur Wax Museum Nahargarh Fort,18,5
1350,Jaipur Wax Museum Nahargarh Fort,19,4
1351,Jaipur Wax Museum Nahargarh Fort,20,5
1352,Jaipur Wax Museum Nahargarh Fort,1,1
1353,Shree Chamunda Mata Mandir,2,5
1354,Shree Chamunda Mata Mandir,3,5
1355,City Palace,4,2
1356,City Palace,5,5
1357,City Palace,6,5
1358,City Palace,7,4
1359,City Palace,8,4
1360,Ganga State Museum,9,5
1361,Ganga State Museum,10,5
1362,Ganga State Museum,11,3
1363,Ganga State Museum,12,5
1364,Ganga State Museum,13,5
1365,Sri Panchkund Shiva Temple,14,5
1366,Sri Panchkund Shiva Temple,15,5
1367,Sri Panchkund Shiva Temple,16,5
1368,Sri Panchkund Shiva Temple,17,5
1369,Sri Panchkund Shiva Temple,18,5
1370,Shree Ramji Panchdev Mandir,19,4
1371,Shree Ramji Panchdev Mandir,20,5
1372,Shree Ramji Panchdev Mandir,1,5
1373,Shree Ramji Panchdev Mandir,2,5
1374,Shree Ramji Panchdev Mandir,3,5
1375,Panchdev Mandir,4,5
1376,Panchdev Mandir,5,5
1377,Panchdev Mandir,6,5
1378,Panchdev Mandir,7,5
1379,Panchdev Mandir,8,5
1380,Kanak Sagar,9,5
1381,Kanak Sagar,10,5
1382,Jaigarh Fort,11,4
1383,Jaigarh Fort,12,4
1384,Jaigarh Fort,13,5
1385,Jaigarh Fort,14,4
1386,Jaigarh Fort,15,5
1387,Jain Temple,16,4
1388,Jain Temple,17,5
1389,Jain Temple,18,5
1390,Jain Temple,19,5
1391,Jain Temple,20,4
1392,Akbari Fort,1,4
1393,Akbari Fort,2,5
1394,Akbari Fort,3,5
1395,Akbari Fort,4,5
1396,Akbari Fort,5,5
1397,The Party Freaks Restro&lounge Baran,6,4
1398,The Party Freaks Restro&lounge Baran,7,5
1399,The Party Freaks Restro&lounge Baran,8,3
1400,The Party Freaks Restro&lounge Baran,9,4
1401,The Party Freaks Restro&lounge Baran,10,1
1402,Sariska National Park,11,4
1403,Sariska National Park,12,5
1404,Sariska National Park,13,5
1405,Sariska National Park,14,5
1406,Sariska National Park,15,5
1407,Museum of Gem and Jewellery,16,5
1408,Museum of Gem and Jewellery,17,5
1409,Museum of Gem and Jewellery,18,5
1410,Museum of Gem and Jewellery,19,5
1411,Museum of Gem and Jewellery,20,5
1412,Beed Ke Balaji,1,5
1413,Beed Ke Balaji,2,5
1414,Beed Ke Balaji,3,5
1415,Beed Ke Balaji,4,5
1416,Beed Ke Balaji,5,5
1417,Shree Mathuradheesh Ji Temple,6,5
1418,Shree Mathuradheesh Ji Temple,7,4
1419,Shree Mathuradheesh Ji Temple,8,5
1420,Shree Mathuradheesh Ji Temple,9,4
1421,Shree Mathuradheesh Ji Temple,10,5
1422,Albert Hall Museum,11,5
1423,Albert Hall Museum,12,5
1424,Albert Hall Museum,13,4
1425,Albert Hall Museum,14,4
1426,Albert Hall Museum,15,5
1427,Shergarh Fort ???????? ????,16,5
1428,Shergarh Fort ???????? ????,17,5
1429,Shergarh Fort ???????? ????,18,5
1430,Shergarh Fort ???????? ????,19,4
1431,Shergarh Fort ???????? ????,20,4
1432,Gajner Wildlife Sanctuary,1,4
1433,Gajner Wildlife Sanctuary,2,4
1434,Gajner Wildlife Sanctuary,3,5
1435,Gajner Wildlife Sanctuary,4,5
1436,Gajner Wildlife Sanctuary,5,4
1437,Gagron Fort,6,5
1438,Gagron Fort,7,3
1439,Gagron Fort,8,4
1440,Gagron Fort,9,3
1441,Gagron Fort,10,3
1442,Bankey Bihari Temple,11,5
1443,Bankey Bihari Temple,12,5
1444,Bankey Bihari Temple,13,4
1445,Bankey Bihari Temple,14,4
1446,Bankey Bihari Temple,15,5
1447,"Shree Jain Tirth Sansthan, Ramdeora",16,4
1448,"Shree Jain Tirth Sansthan, Ramdeora",17,5
1449,"Shree Jain Tirth Sansthan, Ramdeora",18,4
1450,"Shree Jain Tirth Sansthan, Ramdeora",19,5
1451,"Shree Jain Tirth Sansthan, Ramdeora",20,2
1452,Dali Bai Kangan,1,5
1453,Dali Bai Kangan,2,5
1454,Dali Bai Kangan,3,5
1455,Dali Bai Kangan,4,5
1456,Dali Bai Kangan,5,5
1457,Neha Nursing Home,6,5
1458,Neha Nursing Home,7,5
1459,Neha Nursing Home,8,5
1460,Neha Nursing Home,9,5
1461,Neha Nursing Home,10,5
1462,Badal Mahal,11,5
1463,Badal Mahal,12,4
1464,Badal Mahal,13,5
1465,Badal Mahal,14,5
1466,Badal Mahal,15,5
1467,Shahabad Fort Mahal,16,4
1468,Shahabad Fort Mahal,17,4
1469,Shahabad Fort Mahal,18,5
1470,Shahabad Fort Mahal,19,4
1471,Shahabad Fort Mahal,20,5
1472,Shilpgram,1,5
1473,Shilpgram,2,2
1474,Shilpgram,3,4
1475,Shilpgram,4,5
1476,Shilpgram,5,5
1477,Shree Salasar Balaji Dham Mandir,6,5
1478,Shree Salasar Balaji Dham Mandir,7,5
1479,Shree Salasar Balaji Dham Mandir,8,5
1480,Shree Salasar Balaji Dham Mandir,9,5
1481,Shree Salasar Balaji Dham Mandir,10,5
1482,Khetri Mahal,11,5
1483,Khetri Mahal,12,4
1484,Khetri Mahal,13,5
1485,Khetri Mahal,14,5
1486,Khetri Mahal,15,4
1487,KHANDAR FORT,16,1
1488,KHANDAR FORT,17,5
1489,KHANDAR FORT,18,5
1490,KHANDAR FORT,19,3
1491,KHANDAR FORT,20,5
1492,Shri chandaprabhu digamber jain atishay kshetra tijara ji,1,4
1493,Shri chandaprabhu digamber jain atishay kshetra tijara ji,2,5
1494,Shri chandaprabhu digamber jain atishay kshetra tijara ji,3,5
1495,Shri chandaprabhu digamber jain atishay kshetra tijara ji,4,5
1496,Shri chandaprabhu digamber jain atishay kshetra tijara ji,5,5
1497,Fort Barmer,6,4
1498,Fort Barmer,7,3
1499,Fort Barmer,8,5
1500,Fort Barmer,9,5
1501,Fort Barmer,10,5
1502,Laxman Temple,11,4
1503,Laxman Temple,12,5
1504,Laxman Temple,13,4
1505,Laxman Temple,14,5
1506,Laxman Temple,15,4
1507,Ratangad,16,5
1508,Ratangad,17,4
1509,Ratangad,18,5
1510,Ratangad,19,5
1511,Ratangad,20,5
1512,Nakoda Bhavan,1,5
1513,Nakoda Bhavan,2,5
1514,Nakoda Bhavan,3,5
1515,Nakoda Bhavan,4,5
1516,Sankatharan Parshwanath,5,5
1517,Sankatharan Parshwanath,6,1
1518,Chamunda Mata Temple,7,5
1519,Chamunda Mata Temple,8,5
1520,Chamunda Mata Temple,9,4
1521,Chamunda Mata Temple,10,5
1522,Chamunda Mata Temple,11,5
1523,Sukh Mahal,12,4
1524,Sukh Mahal,13,4
1525,Sukh Mahal,14,3
1526,Sukh Mahal,15,5
1527,Sukh Mahal,16,4
1528,Shree Balaji Sankat Mochan Dham Ashram,17,5
1529,Shree Balaji Sankat Mochan Dham Ashram,18,5
1530,Shree Balaji Sankat Mochan Dham Ashram,19,5
1531,Shree Balaji Sankat Mochan Dham Ashram,20,5
1532,Shree Balaji Sankat Mochan Dham Ashram,1,2
1533,Kishori Mahal Lohargarh Fort Bharatpur,2,5
1534,Kishori Mahal Lohargarh Fort Bharatpur,3,5
1535,Kishori Mahal Lohargarh Fort Bharatpur,4,5
1536,Kishori Mahal Lohargarh Fort Bharatpur,5,4
1537,Kishori Mahal Lohargarh Fort Bharatpur,6,1
1538,"Parshadi Lal Moti Lal,Ganga Mandir,Bharatpur,Rajasthan",7,5
1539,"Parshadi Lal Moti Lal,Ganga Mandir,Bharatpur,Rajasthan",8,5
1540,Mangarh Dham,9,4
1541,Mangarh Dham,10,5
1542,Mangarh Dham,11,5
1543,Mangarh Dham,12,5
1544,Mangarh Dham,13,5
